field,comparisons,matches,disagreements,agreement_percent,note
fecha,180,180,0,100.00,Fecha histórica efectiva.
observaciones,180,180,0,100.00,Observaciones del registro.
nacionalidad_alumno,180,177,3,98.33,Nacionalidad del alumno; concordancia semántica/resuelta.
edad,180,173,7,96.11,Edad del alumno.
procedencia,180,173,7,96.11,Procedencia; concordancia semántica/resuelta.
curso,180,171,9,95.00,Curso consignado.
nombre_alumno,180,170,10,94.44,Nombre del alumno; sólo se publica el agregado, no valores individuales.
profesion_tutor,180,168,12,93.33,Profesión del tutor; sólo agregado.
nacionalidad_tutor,180,166,14,92.22,Nacionalidad del tutor; concordancia semántica/resuelta.
domicilio,180,160,20,88.89,Domicilio; sólo se publican conteos agregados, no direcciones.
padre_tutor,180,149,31,82.78,Padre/tutor; sólo se publica el agregado, no nombres individuales.
